,순위,제목
0,1,헌트
1,2,한산: 용의 출현
2,3,비상선언
3,4,놉
4,5,탑건: 매버릭
5,6,헤어질 결심
6,7,외계+인 1부
7,8,불릿 트레인
8,9,육사오(6/45)
9,10,미니언즈2
10,11,리볼버
11,12,파로호
12,13,블랙폰
13,14,범죄도시2
14,15,공조2: 인터내셔날
15,16,풀타임
16,17,녹턴
17,18,카터
18,19,귀멸의 칼날: 아사쿠사 편
19,20,멋진 세계
20,21,토르: 러브 앤 썬더
21,22,겟 아웃
22,23,늑대사냥
23,24,DC 리그 오브 슈퍼-펫
24,25,명탐정 코난: 할로윈의 신부
25,26,바다 탐험대 옥토넛 : 탐험선 대작전
26,27,탑건
27,28,마녀(魔女) Part2. The Other One
28,29,뽀로로 극장판 드래곤캐슬 대모험
29,30,어스
30,31,데이 시프트
31,32,어웨이크
32,33,극장판 도라에몽: 진구의 우주소전쟁 리틀스타워즈 2021
33,34,브로커
34,35,명량
35,36,"굿 럭 투 유, 리오 그랜드"
36,37,그레이 맨
37,38,프레이
38,39,사랑할 땐 누구나 최악이 된다
39,40,귀멸의 칼날: 남매의 연
40,41,파라다이스 하이웨이
41,42,엘비스
42,43,투란도트 어둠의 왕국
43,44,뱅크시
44,45,신비한 동물들과 덤블도어의 비밀
45,46,큐브
46,47,클라우스
47,48,노스맨
48,49,노웨어 스페셜
49,50,리미트
